Workbook

Sheet Instructions
A1: OOA TLEP Review Checklist – Instructions
A3: Purpose | B3: Standardize OOA academic review of department-submitted TLEPs for AY 2026–27.
A4: Basis | B4: The review checklist is derived from the OOA TLEP template sections: Course Information, POs/PSOs, Course Objectives, COs/BTL, CO–PO mapping, Detailed Syllabus, Session Plan, Sessions Summary, Assessments and Assessment Rubrics.
A5: Compliant | B5: Requirement is complete, correct and academically aligned.
A6: Needs Revision | B6: Minor correction, clarification or formatting/content improvement is required.
A7: Major Revision | B7: Significant academic/structural correction is required before acceptance.
A8: Non-Compliant | B8: Requirement is absent or does not meet the prescribed requirement.
A9: NA | B9: Not applicable to the course. NA items are excluded from the score.
A10: Scoring | B10: Compliant = 2; Needs Revision = 1; Major Revision = 0; Non-Compliant = 0; NA and Not Reviewed are excluded from the denominator.
A11: OOA principle | B11: Review for both completeness and internal academic consistency. Do not treat completion of a field as evidence of academic alignment.
A12: Key cross-checks | B12: Course/Curriculum → Credits/L-T-P-E → Syllabus/Module Hours → Session Plan → Learning Hours → CO/BTL → CO–PO/PSO → Assessment/Weightage → Assessment–CO alignment.
A15: Reviewer's final decision
A16: After completing the checklist, the reviewer should record key observations in the Remarks and Department Action Required columns and communicate the consolidated corrections to the department.

Sheet TLEP Review Checklist
A1: OOA – TLEP Academic Review Checklist | AY 2026–27
A2: Basis: OOA Teaching-Learning and Evaluation Plan (TLEP) template shared with departments. Use this sheet for academic, alignment, completeness and internal-consistency review.
A3: Department: | C3: Programme: | E3: Course: | G3: Reviewer: | I3: Review Date:
A4: Sl. No. | B4: Review Area | C4: Parameter | D4: OOA Review Criteria | E4: Priority | F4: Status | G4: Score | H4: OOA Remarks | I4: Department Action Required | J4: Reviewed By | K4: Review Date
A5: 1 | B5: A. Course Information & Curriculum Alignment | C5: Course title | D5: Course title matches the approved curriculum/course matrix. | E5: High | F5: Not Reviewed | G5: =IF(F5="Compliant",2,IF(F5="Needs Revision",1,IF(F5="Major Revision",0,IF(F5="Non-Compliant",0,""))))
A6: 2 | B6: A. Course Information & Curriculum Alignment | C6: Course code | D6: Course code exactly matches the approved curriculum/course matrix. | E6: High | F6: Not Reviewed | G6: =IF(F6="Compliant",2,IF(F6="Needs Revision",1,IF(F6="Major Revision",0,IF(F6="Non-Compliant",0,""))))
A7: 3 | B7: A. Course Information & Curriculum Alignment | C7: Semester | D7: Semester is correct as per the approved curriculum. | E7: High | F7: Not Reviewed | G7: =IF(F7="Compliant",2,IF(F7="Needs Revision",1,IF(F7="Major Revision",0,IF(F7="Non-Compliant",0,""))))
A8: 4 | B8: A. Course Information & Curriculum Alignment | C8: Academic Year | D8: Academic Year is stated as AY 2026–27. | E8: Medium | F8: Not Reviewed | G8: =IF(F8="Compliant",2,IF(F8="Needs Revision",1,IF(F8="Major Revision",0,IF(F8="Non-Compliant",0,""))))
A9: 5 | B9: A. Course Information & Curriculum Alignment | C9: Credits | D9: Credits match the approved curriculum. | E9: High | F9: Not Reviewed | G9: =IF(F9="Compliant",2,IF(F9="Needs Revision",1,IF(F9="Major Revision",0,IF(F9="Non-Compliant",0,""))))
A10: 6 | B10: A. Course Information & Curriculum Alignment | C10: L-T-P-E structure | D10: L-T-P-E structure matches the approved curriculum/course structure. | E10: High | F10: Not Reviewed | G10: =IF(F10="Compliant",2,IF(F10="Needs Revision",1,IF(F10="Major Revision",0,IF(F10="Non-Compliant",0,""))))
A11: 7 | B11: A. Course Information & Curriculum Alignment | C11: CA : ESE | D11: CA : ESE pattern matches the approved assessment scheme. | E11: High | F11: Not Reviewed | G11: =IF(F11="Compliant",2,IF(F11="Needs Revision",1,IF(F11="Major Revision",0,IF(F11="Non-Compliant",0,""))))
A12: 8 | B12: A. Course Information & Curriculum Alignment | C12: Pass / ESE marks | D12: Pass marks, aggregate pass marks and ESE marks are correctly stated. | E12: Medium | F12: Not Reviewed | G12: =IF(F12="Compliant",2,IF(F12="Needs Revision",1,IF(F12="Major Revision",0,IF(F12="Non-Compliant",0,""))))
A13: 9 | B13: B. Course Objectives & Outcomes | C13: Course objectives | D13: Objectives are clearly stated and relevant to the course. | E13: Medium | F13: Not Reviewed | G13: =IF(F13="Compliant",2,IF(F13="Needs Revision",1,IF(F13="Major Revision",0,IF(F13="Non-Compliant",0,""))))
A14: 10 | B14: B. Course Objectives & Outcomes | C14: CO statements | D14: All Course Outcomes are clearly stated and measurable. | E14: High | F14: Not Reviewed | G14: =IF(F14="Compliant",2,IF(F14="Needs Revision",1,IF(F14="Major Revision",0,IF(F14="Non-Compliant",0,""))))
A15: 11 | B15: B. Course Objectives & Outcomes | C15: CO–BTL alignment | D15: Bloom’s Taxonomy level is stated and is appropriate to the CO action verb. | E15: High | F15: Not Reviewed | G15: =IF(F15="Compliant",2,IF(F15="Needs Revision",1,IF(F15="Major Revision",0,IF(F15="Non-Compliant",0,""))))
A16: 12 | B16: B. Course Objectives & Outcomes | C16: CO–syllabus alignment | D16: Each CO is supported by the detailed syllabus/content. | E16: High | F16: Not Reviewed | G16: =IF(F16="Compliant",2,IF(F16="Needs Revision",1,IF(F16="Major Revision",0,IF(F16="Non-Compliant",0,""))))
... A53: 49 | B53: I. Overall Internal Consistency | C53: Overall completeness | D53: No major section/field required by the TLEP template is missing. | E53: High | F53: Not Reviewed | G53: =IF(F53="Compliant",2,IF(F53="Needs Revision",1,IF(F53="Major Revision",0,IF(F53="Non-Compliant",0,""))))

Sheet Dashboard
A1: OOA TLEP Review Dashboard
A3: Total Review Parameters | B3: =COUNTA('TLEP Review Checklist'!C5:C53) -> 49 | D3: Status | E3: Meaning
A4: Compliant | B4: =COUNTIF('TLEP Review Checklist'!F5:F53,"Compliant") -> 0 | D4: Compliant | E4: Complete and academically aligned
A5: Needs Revision | B5: =COUNTIF('TLEP Review Checklist'!F5:F53,"Needs Revision") -> 0 | D5: Needs Revision | E5: Minor correction / clarification required
A6: Major Revision | B6: =COUNTIF('TLEP Review Checklist'!F5:F53,"Major Revision") -> 0 | D6: Major Revision | E6: Significant academic or structural correction required
A7: Non-Compliant | B7: =COUNTIF('TLEP Review Checklist'!F5:F53,"Non-Compliant") -> 0 | D7: Non-Compliant | E7: Does not meet prescribed requirement
A8: Not Reviewed | B8: =COUNTIF('TLEP Review Checklist'!F5:F53,"Not Reviewed") -> 49 | D8: NA | E8: Not applicable; excluded from score
A9: NA | B9: =COUNTIF('TLEP Review Checklist'!F5:F53,"NA") -> 0
A10: Applicable Parameters | B10: =B3-B8 -> 0
A11: Score Obtained | B11: =SUM('TLEP Review Checklist'!G5:G53) -> 0
A12: Maximum Score | B12: =B9*2 -> 0
A13: Compliance % | B13: =IF(B10=0,0,B11/B12) -> 0
A16: Recommended OOA Review Flow
A17: 1. Verify Course Information against approved curriculum/course matrix.
A18: 2. Review COs, BTL and CO–PO/PSO mapping.
A19: 3. Verify detailed syllabus and module-wise hours.
A20: 4. Validate session plan against syllabus, COs, pedagogy and learning hours.
A21: 5. Validate synchronous/asynchronous/notional hours.
A22: 6. Review textbooks, references and session-wise readings.
A23: 7. Review assessment scheme, weightage, CO mapping and rubrics.
A24: 8. Record remarks and department action required for every non-compliant item.

Sheet CO-PO Review
A1: CO–PO / PSO Mapping Review
A3: CO | B3: CO Statement | C3: BTL | D3: PO/PSO | E3: Mapping (3/2/1/-) | F3: Justification / Evidence | G3: OOA Status | H3: Remarks
A4: CO1
A5: CO2
A6: CO3
A7: CO4
A8: CO5
A9: CO6
A10: CO7
A11: CO8
A12: CO9
A13: CO10
A14: CO11
A15: CO12

Sheet Hours Validation
A1: TLEP Learning Hours & Credit Validation
A3: Parameter | B3: As per Approved Curriculum | C3: As per TLEP | D3: Variance | E3: OOA Status | F3: Remarks | G3: Evidence / Page | H3: Action Required
A4: Credits | D4: =IF(OR(B4="",C4=""),"",C4-B4)
A5: L-T-P-E | D5: =IF(OR(B5="",C5=""),"",C5-B5)
A6: Lecture hours | D6: =IF(OR(B6="",C6=""),"",C6-B6)
A7: Tutorial hours | D7: =IF(OR(B7="",C7=""),"",C7-B7)
A8: Practical hours | D8: =IF(OR(B8="",C8=""),"",C8-B8)
A9: Experiential Synchronous hours | D9: =IF(OR(B9="",C9=""),"",C9-B9)
A10: Experiential Asynchronous hours | D10: =IF(OR(B10="",C10=""),"",C10-B10)
A11: Total Synchronous hours | D11: =IF(OR(B11="",C11=""),"",C11-B11)
A12: Total Asynchronous hours | D12: =IF(OR(B12="",C12=""),"",C12-B12)
A13: Total Notional hours | D13: =IF(OR(B13="",C13=""),"",C13-B13)
A14: Total Module hours | D14: =IF(OR(B14="",C14=""),"",C14-B14)
A15: Total Session Plan hours | D15: =IF(OR(B15="",C15=""),"",C15-B15)
